{
  "vpc-provider:account=303906804812:filter.tag:Name=decumulation-hk-networking/decumulation-hk-vpc:region=ap-east-1:returnAsymmetricSubnets=true": {
    "vpcId": "vpc-02512b05e25451df9",
    "vpcCidrBlock": "192.168.0.0/16",
    "availabilityZones": [],
    "subnetGroups": [
      {
        "name": "ingress",
        "type": "Private",
        "subnets": [
          {
            "subnetId": "subnet-080744f056187e2ff",
            "cidr": "192.168.0.0/24",
            "availabilityZone": "ap-east-1a",
            "routeTableId": "rtb-0125898465553b2d5"
          },
          {
            "subnetId": "subnet-0cf782f2bced93b50",
            "cidr": "192.168.1.0/24",
            "availabilityZone": "ap-east-1b",
            "routeTableId": "rtb-0e92d9e798bb498fb"
          }
        ]
      },
      {
        "name": "application",
        "type": "Public",
        "subnets": [
          {
            "subnetId": "subnet-0ac35ac81263c5fcf",
            "cidr": "192.168.2.0/24",
            "availabilityZone": "ap-east-1a",
            "routeTableId": "rtb-0b57c141ddb664389"
          },
          {
            "subnetId": "subnet-0ced98ac0fc5a22b3",
            "cidr": "192.168.3.0/24",
            "availabilityZone": "ap-east-1b",
            "routeTableId": "rtb-02f9e6c7222be80b6"
          }
        ]
      }
    ]
  }
}
