{"openapi":"3.0.0","info":{"title":"pihk-decumulation api","version":"1.0.0"},"paths":{"/check":{"get":{"summary":"Internet connectivity check","description":"Activate an invitation","responses":{"200":{"description":"Sample response from httpbin.org","content":{"application/json":{"schema":{"$ref":"#/components/schemas/SampleResponseDto"}}}}}}},"/prospects":{"post":{"summary":"Create a new prospect.","requestBody":{"description":"Create a new prospect","content":{"application/json":{"schema":{"$ref":"#/components/schemas/CreateProspectRequestDto"}}}},"responses":{"201":{"description":"Created"}}}},"/prospects/{id}":{"get":{"summary":"Retireve a prospect by id.","parameters":[{"in":"path","name":"id","schema":{"type":"string"},"required":true,"description":"The prospect id"}],"responses":{"200":{"description":"OK","content":{"application/json":{"schema":{"$ref":"#/components/schemas/CreateProspectResponseDto"}}}}}},"put":{"summary":"Update a prospect by id.","parameters":[{"in":"path","name":"id","schema":{"type":"string"},"required":true,"description":"The prospect id"}],"requestBody":{"description":"Create a new prospect","content":{"application/json":{"schema":{"$ref":"#/components/schemas/CreateProspectRequestDto"}}}},"responses":{"200":{"description":"OK","content":{"application/json":{"schema":{"$ref":"#/components/schemas/CreateProspectResponseDto"}}}}}}}},"components":{"schemas":{"SampleResponseDto":{"type":"object","properties":{"text":{"type":"string","description":"Text response from httpbin.org."}}},"ContactInformationDto":{"type":"object","properties":{"lastName":{"type":"string"},"firstName":{"type":"string"},"mobileCountryCode":{"type":"integer"},"mobileNumber":{"type":"integer"},"email":{"type":"string"},"isUSperson":{"type":"boolean"}},"required":["lastName","firstName","mobileCountryCode","mobileNumber","email","isUSperson"]},"CreateProspectRequestDto":{"type":"object","properties":{"contactInformation":{"$ref":"#/components/schemas/ContactInformationDto"}}},"CreateProspectResponseDto":{"type":"object","properties":{"contactInformation":{"$ref":"#/components/schemas/ContactInformationDto"}}}}},"tags":[]}